,name,seed_everything,dim_model,num_heads,dim_feedforward,num_decoder_layers,dropout_p,test_prompt_length,max_pred_length,lr,layer_norm_eps,adversarial_training,max_length,batch_size,max_val_accuracy,max_val_accuracy_step,min_train_loss,min_train_loss_step,min_val_loss,min_val_loss_step,min_val_kl,min_val_kl_step,as_before_bs_accuracy4min_val_loss,same_as_bs_accuracy4min_val_loss,grammatical_accuracy4min_val_loss,ood_as_before_bs_accuracy4min_val_loss,ood_as_before_bs_completion_accuracy4min_val_loss,ood_same_as_bs_accuracy4min_val_loss,ood_grammatical_accuracy4min_val_loss,sos_as_before_bs_accuracy4min_val_loss,sos_same_as_bs_accuracy4min_val_loss,sos_grammatical_accuracy4min_val_loss
0,smooth-sweep-6,726,8,4,1024,3,0.1,8,300,0.002,0.006,True,256,128,0.9922786951065063,11,0.04044140875339508,97,0.03213949874043465,245,-0.0057669878005981445,245,1.0,0.25,0.25,0.01593625545501709,1.0,0.2749004065990448,0,0.10000000894069672,0.23333334922790527,0.0
1,hopeful-sweep-7,27235,8,4,1024,3,0.1,8,300,0.002,0.006,True,256,128,0.9921267032623291,0,0.043726835399866104,292,0.035471219569444656,175,-0.0024352669715881348,175,1.0,0.25,0.25,0.01593625545501709,1.0,0.2749004065990448,0,0.12264151126146317,0.3962264060974121,0.056603774428367615
2,jolly-sweep-3,982,8,4,1024,3,0.1,8,300,0.002,0.006,True,256,128,0.9917315244674683,0,0.04394349828362465,407,0.03494914993643761,326,-0.0029573366045951843,326,1.0,0.25,0.25,0.01593625545501709,1.0,0.2749004065990448,0,0.11320754885673523,0.2075471729040146,0.03773584961891174
